{"cameraMode":{"drawMode":0,"name":"Shaded","section":"Shading Mode"},"sceneLighting":false,"audioPlay":false,"sceneViewState":{"m_AlwaysRefresh":false,"showFog":true,"showSkybox":false,"showFlares":true,"showImageEffects":true,"showParticleSystems":true,"showVisualEffectGraphs":true,"m_FxEnabled":true},"in2DMode":false,"pivot":{"x":2.9802322387695315e-8,"y":0.7062733173370361,"z":-0.037389278411865237},"rotation":{"x":-0.20115648210048676,"y":0.6711536645889282,"z":-0.19685737788677216,"w":-0.6858105063438416},"size":0.9684794545173645,"orthographic":false}